{"dislocationChance":1,"fractureChance":0.699999988079071,"pneumothoraxChance":0.699999988079071,"tamponadeChance":0.699999988079071,"heartattackChance":0.699999988079071,"strokeChance":0.699999988079071,"infectionRate":0.699999988079071,"CPRFractureChance":0.699999988079071,"traumaticAmputationChance":0.699999988079071,"neurotraumaGain":0.699999988079071,"organDamageGain":0.699999988079071,"fibrillationSpeed":1,"gangrenespeed":0.699999988079071,"disableBotAlgorithms":true,"NTSPenableSurgicalInfection":true,"NTSPenableSurgerySkill":true,"organRejection":false,"fracturesRemoveCasts":true}